{
  "lang":"en",
  "name":"pipeline",
  "version":"0.0.0",
  "spacy_version":">=3.8.3,<3.9.0",
  "description":"",
  "author":"",
  "email":"",
  "url":"",
  "license":"",
  "spacy_git_version":"be0fa81",
  "vectors":{
    "width":0,
    "vectors":0,
    "keys":0,
    "name":null,
    "mode":"default"
  },
  "labels":{
    "tok2vec":[

    ],
    "ner":[
      "CARDINAL",
      "DATE",
      "EVENT",
      "FAC",
      "GPE",
      "LANGUAGE",
      "LAW",
      "LOC",
      "MONEY",
      "NORP",
      "ORDINAL",
      "ORG",
      "PERCENT",
      "PERSON",
      "PRODUCT",
      "QUANTITY",
      "TIME",
      "WORK_OF_ART"
    ]
  },
  "pipeline":[
    "tok2vec",
    "ner"
  ],
  "components":[
    "tok2vec",
    "ner"
  ],
  "disabled":[

  ],
  "performance":{
    "ents_f":0.9972866114,
    "ents_p":0.9968486852,
    "ents_r":0.9977249224,
    "ents_per_type":{
      "ORG":{
        "p":0.9937528922,
        "r":0.9976771196,
        "f":0.9957111394
      },
      "DATE":{
        "p":0.9996846421,
        "r":0.9981108312,
        "f":0.9988971167
      },
      "PERSON":{
        "p":0.9988045427,
        "r":0.9973142346,
        "f":0.9980588323
      },
      "ORDINAL":{
        "p":1.0,
        "r":1.0,
        "f":1.0
      },
      "CARDINAL":{
        "p":0.9963408259,
        "r":0.9984284966,
        "f":0.9973835688
      },
      "NORP":{
        "p":1.0,
        "r":0.9993155373,
        "f":0.9996576515
      },
      "GPE":{
        "p":0.9978941035,
        "r":1.0,
        "f":0.9989459419
      },
      "FAC":{
        "p":0.9951690821,
        "r":1.0,
        "f":0.9975786925
      },
      "MONEY":{
        "p":0.9968652038,
        "r":0.99375,
        "f":0.9953051643
      },
      "LOC":{
        "p":0.986013986,
        "r":0.9894736842,
        "f":0.9877408056
      },
      "LAW":{
        "p":1.0,
        "r":1.0,
        "f":1.0
      },
      "LANGUAGE":{
        "p":1.0,
        "r":1.0,
        "f":1.0
      },
      "TIME":{
        "p":0.9763313609,
        "r":0.9763313609,
        "f":0.9763313609
      },
      "QUANTITY":{
        "p":1.0,
        "r":1.0,
        "f":1.0
      },
      "WORK_OF_ART":{
        "p":0.9915966387,
        "r":0.9915966387,
        "f":0.9915966387
      },
      "PRODUCT":{
        "p":0.9846153846,
        "r":1.0,
        "f":0.992248062
      },
      "EVENT":{
        "p":0.9746835443,
        "r":0.9390243902,
        "f":0.9565217391
      },
      "PERCENT":{
        "p":1.0,
        "r":1.0,
        "f":1.0
      }
    },
    "tok2vec_loss":0.0,
    "ner_loss":744.4193313458
  }
}