{
  "lang":"en",
  "name":"pipeline",
  "version":"0.0.0",
  "spacy_version":">=3.8.3,<3.9.0",
  "description":"",
  "author":"",
  "email":"",
  "url":"",
  "license":"",
  "spacy_git_version":"be0fa81",
  "vectors":{
    "width":300,
    "vectors":342918,
    "keys":684830,
    "name":"en_vectors",
    "mode":"default"
  },
  "labels":{
    "tok2vec":[

    ],
    "ner":[
      "CARDINAL",
      "DATE",
      "EVENT",
      "FAC",
      "GPE",
      "LANGUAGE",
      "LAW",
      "LOC",
      "MONEY",
      "NORP",
      "ORDINAL",
      "ORG",
      "PERCENT",
      "PERSON",
      "PRODUCT",
      "QUANTITY",
      "TIME",
      "WORK_OF_ART"
    ]
  },
  "pipeline":[
    "tok2vec",
    "ner"
  ],
  "components":[
    "tok2vec",
    "ner"
  ],
  "disabled":[

  ],
  "performance":{
    "ents_f":0.7773109244,
    "ents_p":0.7740585774,
    "ents_r":0.7805907173,
    "ents_per_type":{
      "ORG":{
        "p":0.7541899441,
        "r":0.7297297297,
        "f":0.7417582418
      },
      "CARDINAL":{
        "p":0.8198198198,
        "r":0.8834951456,
        "f":0.8504672897
      },
      "DATE":{
        "p":0.756097561,
        "r":0.756097561,
        "f":0.756097561
      },
      "PERSON":{
        "p":0.875,
        "r":0.8333333333,
        "f":0.8536585366
      },
      "FAC":{
        "p":0.7777777778,
        "r":0.7,
        "f":0.7368421053
      },
      "NORP":{
        "p":1.0,
        "r":0.7333333333,
        "f":0.8461538462
      },
      "GPE":{
        "p":0.7818181818,
        "r":0.9347826087,
        "f":0.8514851485
      },
      "LAW":{
        "p":0.5384615385,
        "r":0.875,
        "f":0.6666666667
      },
      "ORDINAL":{
        "p":1.0,
        "r":0.6666666667,
        "f":0.8
      },
      "LOC":{
        "p":1.0,
        "r":0.1666666667,
        "f":0.2857142857
      },
      "PRODUCT":{
        "p":0.0,
        "r":0.0,
        "f":0.0
      },
      "EVENT":{
        "p":0.0,
        "r":0.0,
        "f":0.0
      },
      "WORK_OF_ART":{
        "p":0.0,
        "r":0.0,
        "f":0.0
      },
      "PERCENT":{
        "p":0.0,
        "r":0.0,
        "f":0.0
      },
      "MONEY":{
        "p":0.0,
        "r":0.0,
        "f":0.0
      }
    },
    "tok2vec_loss":140.1874158583,
    "ner_loss":539.2716388079
  }
}