{
  "lang":"en",
  "name":"pipeline",
  "version":"0.0.0",
  "spacy_version":">=3.8.3,<3.9.0",
  "description":"",
  "author":"",
  "email":"",
  "url":"",
  "license":"",
  "spacy_git_version":"be0fa81",
  "vectors":{
    "width":0,
    "vectors":0,
    "keys":0,
    "name":null,
    "mode":"default"
  },
  "labels":{
    "tok2vec":[

    ],
    "ner":[
      "CARDINAL",
      "DATE",
      "EVENT",
      "FAC",
      "GPE",
      "LANGUAGE",
      "LAW",
      "LOC",
      "MONEY",
      "NORP",
      "ORDINAL",
      "ORG",
      "PERCENT",
      "PERSON",
      "PRODUCT",
      "QUANTITY",
      "TIME",
      "WORK_OF_ART"
    ]
  },
  "pipeline":[
    "tok2vec",
    "ner"
  ],
  "components":[
    "tok2vec",
    "ner"
  ],
  "disabled":[

  ],
  "performance":{
    "ents_f":0.9978286719,
    "ents_p":0.9976739378,
    "ents_r":0.997983454,
    "ents_per_type":{
      "ORG":{
        "p":0.9969809568,
        "r":0.9972125436,
        "f":0.9970967367
      },
      "DATE":{
        "p":0.9984261882,
        "r":0.9987405542,
        "f":0.9985833465
      },
      "PERSON":{
        "p":0.9961274948,
        "r":0.9979110713,
        "f":0.9970184854
      },
      "ORDINAL":{
        "p":1.0,
        "r":1.0,
        "f":1.0
      },
      "CARDINAL":{
        "p":0.9994764398,
        "r":1.0,
        "f":0.9997381513
      },
      "NORP":{
        "p":1.0,
        "r":1.0,
        "f":1.0
      },
      "GPE":{
        "p":0.9996979764,
        "r":0.9978896593,
        "f":0.9987929994
      },
      "FAC":{
        "p":0.9807692308,
        "r":0.9902912621,
        "f":0.9855072464
      },
      "MONEY":{
        "p":0.9968847352,
        "r":1.0,
        "f":0.9984399376
      },
      "LOC":{
        "p":1.0,
        "r":1.0,
        "f":1.0
      },
      "LAW":{
        "p":1.0,
        "r":1.0,
        "f":1.0
      },
      "LANGUAGE":{
        "p":1.0,
        "r":1.0,
        "f":1.0
      },
      "TIME":{
        "p":1.0,
        "r":1.0,
        "f":1.0
      },
      "QUANTITY":{
        "p":0.9868421053,
        "r":0.974025974,
        "f":0.9803921569
      },
      "WORK_OF_ART":{
        "p":0.9752066116,
        "r":0.9915966387,
        "f":0.9833333333
      },
      "PRODUCT":{
        "p":1.0,
        "r":0.9921875,
        "f":0.9960784314
      },
      "EVENT":{
        "p":0.9634146341,
        "r":0.9634146341,
        "f":0.9634146341
      },
      "PERCENT":{
        "p":1.0,
        "r":1.0,
        "f":1.0
      }
    },
    "tok2vec_loss":0.0,
    "ner_loss":795.89493679
  }
}